## Plants

INSERT INTO plants (id, name, scientific_name, url) VALUES (1, 'albahaca blanca', '', 'https://kiduaportal.wordpress.com/2016/12/12/albahaca-blanca/');
INSERT INTO plants (id, name, scientific_name, url) VALUES (2, 'altamisa', 'artemisa vulgaris', 'https://kiduaportal.wordpress.com/2016/12/10/altamisa-2/');
INSERT INTO plants (id, name, scientific_name, url) VALUES (3, 'ambar', '', 'https://kiduaportal.wordpress.com/2016/12/12/ambar/');
INSERT INTO plants (id, name, scientific_name, url) VALUES (4, 'amor seco', '', 'https://kiduaportal.wordpress.com/2016/12/12/amor-seco/');
INSERT INTO plants (id, name, scientific_name, url) VALUES (5, 'aroma', 'Vachellia farnesiana', 'https://kiduaportal.wordpress.com/2016/12/12/aroma/');
INSERT INTO plants (id, name, scientific_name, url) VALUES (6, 'auyama', ' Cucúrbita máxima', 'https://kiduaportal.wordpress.com/2016/12/21/auyama/');
INSERT INTO plants (id, name, scientific_name, url) VALUES (7, 'azafran de fruta', '', '');
INSERT INTO plants (id, name, scientific_name, url) VALUES (8, 'bencenuco', 'Asclepia curassavica L. ', 'https://kiduaportal.wordpress.com/2017/04/10/bencenuco-2/');
INSERT INTO plants (id, name, scientific_name, url) VALUES (9, 'borraja', 'borago officinalis', 'https://kiduaportal.wordpress.com/2016/12/14/borraja/');
INSERT INTO plants (id, name, scientific_name, url) VALUES (10, 'calauala ', '', 'https://kiduaportal.wordpress.com/2016/12/14/calauala-y-disciplina/');
INSERT INTO plants (id, name, scientific_name, url) VALUES (11, 'caléndula', 'Calendula officinalis', 'https://kiduaportal.wordpress.com/2016/12/14/calendula/');
INSERT INTO plants (id, name, scientific_name, url) VALUES (12, 'cofrey', 'Symphytum officinale L. ', 'https://kiduaportal.wordpress.com/2016/12/14/cofrey-2/');
INSERT INTO plants (id, name, scientific_name, url) VALUES (13, 'cola de caballo', '', 'https://kiduaportal.wordpress.com/2016/12/14/cola-de-caballo/');
INSERT INTO plants (id, name, scientific_name, url) VALUES (14, 'coleo', '', 'https://kiduaportal.wordpress.com/2016/12/14/coleo/');
INSERT INTO plants (id, name, scientific_name, url) VALUES (15, 'col comun', 'Brassica oleracea L', 'https://kiduaportal.wordpress.com/2017/04/10/col-comun-2/');
INSERT INTO plants (id, name, scientific_name, url) VALUES (16, 'cordoncillo', 'Piper aduncum', 'https://kiduaportal.wordpress.com/2017/04/10/cordoncillo/');
INSERT INTO plants (id, name, scientific_name, url) VALUES (17, 'curuba', '', 'https://kiduaportal.wordpress.com/2017/04/10/curuba/');
INSERT INTO plants (id, name, scientific_name, url) VALUES (18, 'desinflamadora', '', '//kiduaportal.wordpress.com/2016/12/14/desinflamadora/');
INSERT INTO plants (id, name, scientific_name, url) VALUES (19, 'disciplina', '', 'https://kiduaportal.wordpress.com/2016/12/14/calauala-y-disciplina/');
INSERT INTO plants (id, name, scientific_name, url) VALUES (20, 'esponja', '', 'https://kiduaportal.wordpress.com/2017/04/10/esponja-2/');
INSERT INTO plants (id, name, scientific_name, url) VALUES (21, 'espuma de mar', '', 'https://kiduaportal.wordpress.com/2017/04/10/espuma-de-mar/');
INSERT INTO plants (id, name, scientific_name, url) VALUES (22, 'frijol garbanzo', 'Phaseolus vulgari', 'https://kiduaportal.wordpress.com/2017/04/10/frijol-garbanzo/');
INSERT INTO plants (id, name, scientific_name, url) VALUES (23, 'guadua', 'Guadua angustifolia', 'https://kiduaportal.wordpress.com/2017/04/10/guadua-2/');
INSERT INTO plants (id, name, scientific_name, url) VALUES (24, 'guayaga', 'Galinsoga parviflora,', 'https://kiduaportal.wordpress.com/2016/12/14/guayaga/');
INSERT INTO plants (id, name, scientific_name, url) VALUES (25, 'hierbabuena', 'Mentha spicata

Leer más en: http://www.plantasparacurar.com/la-planta-de-hierbabuena/', 'https://kiduaportal.wordpress.com/2016/12/21/hierbabuena/');
INSERT INTO plants (id, name, scientific_name, url) VALUES (26, 'limoncillo', 'Cymbogogon citratus', 'https://kiduaportal.wordpress.com/2016/12/21/limoncillo/');
INSERT INTO plants (id, name, scientific_name, url) VALUES (27, 'llantén', 'Plantago major', 'https://kiduaportal.wordpress.com/2016/12/23/llanten/');
INSERT INTO plants (id, name, scientific_name, url) VALUES (28, 'malvisco', 'Althaea officinalis', 'https://kiduaportal.wordpress.com/2017/04/10/aitea-o-malvisco/');
INSERT INTO plants (id, name, scientific_name, url) VALUES (29, 'manrubio', 'Ageratum conyzoide', 'https://kiduaportal.wordpress.com/2016/12/21/manrubio-o-chiva/');
INSERT INTO plants (id, name, scientific_name, url) VALUES (30, 'marucha', '', 'https://kiduaportal.wordpress.com/2016/12/21/marucha-y-san-juanito/');
INSERT INTO plants (id, name, scientific_name, url) VALUES (31, 'mirto silvestre', ' Myrtaceae', 'https://kiduaportal.wordpress.com/2017/04/10/mirto-silvestre-2/');
INSERT INTO plants (id, name, scientific_name, url) VALUES (32, 'nacedero', 'Trichanthera gigantea', 'https://kiduaportal.wordpress.com/2017/04/10/nacedero-2/');
INSERT INTO plants (id, name, scientific_name, url) VALUES (33, 'nabo', 'Brassica napu', 'https://kiduaportal.wordpress.com/2016/12/21/nabo/');
INSERT INTO plants (id, name, scientific_name, url) VALUES (34, 'oregano dulce', '', 'https://kiduaportal.wordpress.com/2017/04/10/oregano-dulce/');
INSERT INTO plants (id, name, scientific_name, url) VALUES (35, 'oregano silvestre', 'Origanum vulgare', 'https://kiduaportal.wordpress.com/2016/12/22/oregano-silvestre/');
INSERT INTO plants (id, name, scientific_name, url) VALUES (36, 'Pasto micay', 'Axonopus micay', 'https://kiduaportal.wordpress.com/2016/12/22/pasto-micay/');
INSERT INTO plants (id, name, scientific_name, url) VALUES (37, 'penicilina', '', 'https://kiduaportal.wordpress.com/2016/12/22/penicilina/');
INSERT INTO plants (id, name, scientific_name, url) VALUES (38, 'pronto alivio', ' Lippia Alba', 'https://kiduaportal.wordpress.com/2016/12/22/pronto-alivio/');
INSERT INTO plants (id, name, scientific_name, url) VALUES (39, 'riobarbo', 'Rheum rhabarbarum', 'https://kiduaportal.wordpress.com/2016/12/22/riobarbo/');
INSERT INTO plants (id, name, scientific_name, url) VALUES (40, 'salvia china', 'Salvia officinalis', 'https://kiduaportal.wordpress.com/2017/04/10/salvia-china-2/');
INSERT INTO plants (id, name, scientific_name, url) VALUES (41, 'sanguinaria menor', 'Paronychia argentea', 'https://kiduaportal.wordpress.com/2017/04/11/sanguinaria-menor-2/');
INSERT INTO plants (id, name, scientific_name, url) VALUES (42, 'san juanito', 'Hypericum Perforatum', 'https://kiduaportal.wordpress.com/2016/12/21/marucha-y-san-juanito/');
INSERT INTO plants (id, name, scientific_name, url) VALUES (43, 'siempreviva', 'Sempervivum tectorum', 'https://kiduaportal.wordpress.com/2016/12/22/siempreviva/');
INSERT INTO plants (id, name, scientific_name, url) VALUES (44, 'te', 'Camellia sinensis', 'https://kiduaportal.wordpress.com/2016/12/22/te/');
INSERT INTO plants (id, name, scientific_name, url) VALUES (45, 'trebol rojo', '', 'https://kiduaportal.wordpress.com/2016/12/22/trebol-rojo/');
INSERT INTO plants (id, name, scientific_name, url) VALUES (46, 'venadillo', 'Conyza canadensis', 'https://kiduaportal.wordpress.com/2016/12/22/venadillo/');
INSERT INTO plants (id, name, scientific_name, url) VALUES (47, 'venturosa', '', 'https://kiduaportal.wordpress.com/2016/12/23/venturosa-2/');
INSERT INTO plants (id, name, scientific_name, url) VALUES (48, 'verdolaga', 'Portulaca oleracea', 'https://kiduaportal.wordpress.com/2016/12/23/verdolaga/');
INSERT INTO plants (id, name, scientific_name, url) VALUES (49, 'veronica', ': Cuphea hyssopifolia', 'https://kiduaportal.wordpress.com/2016/12/23/veronica/');
INSERT INTO plants (id, name, scientific_name, url) VALUES (50, 'violeta', 'Viola odorata', 'https://kiduaportal.wordpress.com/2016/12/23/violeta/');

## Diseases

INSERT INTO diseases (id, name) VALUES(1, 'amigdalitis');
INSERT INTO diseases (id, name) VALUES(2, 'acidez');
INSERT INTO diseases (id, name) VALUES(3, 'anemia');
INSERT INTO diseases (id, name) VALUES(4, 'apendicitis');
INSERT INTO diseases (id, name) VALUES(5, 'asma');
INSERT INTO diseases (id, name) VALUES(6, 'bronquitis');
INSERT INTO diseases (id, name) VALUES(7, 'caida del cabello');
INSERT INTO diseases (id, name) VALUES(8, 'cansancio muscular');
INSERT INTO diseases (id, name) VALUES(9, 'colesterol alto');
INSERT INTO diseases (id, name) VALUES(10, 'colicos estomacales');
INSERT INTO diseases (id, name) VALUES(11, 'colicos menstruales');
INSERT INTO diseases (id, name) VALUES(12, 'crisis nerviosa');
INSERT INTO diseases (id, name) VALUES(13, 'diabetes');
INSERT INTO diseases (id, name) VALUES(14, 'diarrea');
INSERT INTO diseases (id, name) VALUES(15, 'dolor de cabeza');
INSERT INTO diseases (id, name) VALUES(16, 'enfermedades de la próstata');
INSERT INTO diseases (id, name) VALUES(17, 'enfermedades hepáticas');
INSERT INTO diseases (id, name) VALUES(18, 'enfermedades pancreaticas');
INSERT INTO diseases (id, name) VALUES(19, 'enfermedades renales');
INSERT INTO diseases (id, name) VALUES(20, 'epilepsia');
INSERT INTO diseases (id, name) VALUES(21, 'erupción cutanea');
INSERT INTO diseases (id, name) VALUES(22, 'esguinces');
INSERT INTO diseases (id, name) VALUES(23, 'fiebre');
INSERT INTO diseases (id, name) VALUES(24, 'gastritis');
INSERT INTO diseases (id, name) VALUES(25, 'hemorroides');
INSERT INTO diseases (id, name) VALUES(26, 'heridas');
INSERT INTO diseases (id, name) VALUES(27, 'inflamaciones musculares');
INSERT INTO diseases (id, name) VALUES(28, 'inflamaciones en los pezones');
INSERT INTO diseases (id, name) VALUES(29, 'insomnio');
INSERT INTO diseases (id, name) VALUES(30, 'lumbagos');
INSERT INTO diseases (id, name) VALUES(31, 'malestar general');
INSERT INTO diseases (id, name) VALUES(32, 'migraña');
INSERT INTO diseases (id, name) VALUES(33, 'neuralgia');
INSERT INTO diseases (id, name) VALUES(34, 'neurastenia');
INSERT INTO diseases (id, name) VALUES(35, 'obesidad');
INSERT INTO diseases (id, name) VALUES(36, 'odontalgia');
INSERT INTO diseases (id, name) VALUES(37, 'perdida de leche materna');
INSERT INTO diseases (id, name) VALUES(38, 'paludismo');
INSERT INTO diseases (id, name) VALUES(39, 'presión arterial alta');
INSERT INTO diseases (id, name) VALUES(40, 'pterigios');
INSERT INTO diseases (id, name) VALUES(41, 'reumatismo');
INSERT INTO diseases (id, name) VALUES(42, 'sinusitis');
INSERT INTO diseases (id, name) VALUES(43, 'triglicéridos altos');
INSERT INTO diseases (id, name) VALUES(44, 'úlceras');
INSERT INTO diseases (id, name) VALUES(45, 'cancer');

## Treatments

INSERT INTO treatments (id, name, procedure) VALUES (1, '', 'Para la crisis nerviosa o también llamado nervios se usa la altamisa en baños por siete dias usando toda la planta');
INSERT INTO treatments (id, name, procedure) VALUES (2, '', 'Para las heridas se realizan baños con las  hojas de penicilina  por nueve días');
INSERT INTO treatments (id, name, procedure) VALUES (3, '', 'El pronto alivio se usa en baños por nueve dias usando toda la planta, para aliviar el cansancio muscular');
INSERT INTO treatments (id, name, procedure) VALUES (4, '', 'Para los colicos menstruales se  prepara primero bebida de eneldo y a esta se le agregan algunas semillas de ámbar maceradas o cocinadas, ya que son muy duras al masticar y se toma por nueve días, un vasito diario');
INSERT INTO treatments (id, name, procedure) VALUES (5, '', ' En caso de tener erupciones cutaneas como granos, barros, alergias, se tuestan las hojas de venadillo hasta convertirlas en polvo y se aplican en la imperfección por varios dias');
INSERT INTO treatments (id, name, procedure) VALUES (6, '', 'Para los esguinces se usa la calauala y disciplina en emplastos o maceradas, es decir, se toman las dos plantas, se trituran con una piedra, luego se ponen  en una hojita y  se asan, después se depositan en una telita y se ubican en la parte afectada.');
INSERT INTO treatments (id, name, procedure) VALUES (7, '', 'En caso de sufrir de enfermedades renales, se consumen bebidas de las hojas de oregano silvestre, es decir, se hierve el agua junto con la planta, tres para niños y cinco o seis para dultos y se toman diariamente');
INSERT INTO treatments (id, name, procedure) VALUES (8, '', 'Se realizan bebidas con las ramitas de borraja, es decir, tallos y hojas, tres ramitas para adultos, una o dos para niños, tres copitas al día, por nueve días o hasta que mejore del asma');
INSERT INTO treatments (id, name, procedure) VALUES (9, '', 'En caso de erupciones cutaneas como granos, aergias, barros, se realizan bebidas del tallo del trebol rojo, es decir, se pone a hervir el tallo junto con el agua, tres para niños y cinco o seis para dultos y se toman por cinco, siete o nueve días, tres vasitos al día para dultos y tres copitas para niños');
INSERT INTO treatments (id, name, procedure) VALUES (10, '', 'Para las fiebres muy altas se realizan bebidas con las ramitas de siempre viva, es decir, tallos y hojas, tres ramitas para adultos, una o dos para niños, tres vasitos al día, por tres días ');
INSERT INTO treatments (id, name, procedure) VALUES (11, '', 'Para los pterigios se depositan nueve espigas de llantén en un frasco blanco y se ponen dos días al sol y uno al sereno, libera una líquido, llamado el espíritu de la planta, de aquí se saca una gota diaria y se aplica en el ojo ');
INSERT INTO treatments (id, name, procedure) VALUES (12, '', 'Para las crisis nerviosas o también llamadas nervios, se extrae el zumo de las flores de caléndula, poniendolas dos días al sol y uno al sereno, se exprimen y se toman tres gotas por varios días');
INSERT INTO treatments (id, name, procedure) VALUES (13, '', 'Para la acidez se utiliza la verdolaga en infusión fria, es decir, desde el día anterior se dejan las ramas de la planta en un recipiente con un litro de agua  y al otro día ya se puede usar esta agua, sin necesidad de hervirse, esto se realiza por varios días.');
INSERT INTO treatments (id, name, procedure) VALUES (14, '', 'Para el colesterol alto se puede consumir el coleo directamente con las comidas cocinandolo como si fuera un aliño más o si se prefiere solo.');
INSERT INTO treatments (id, name, procedure) VALUES (15, '', 'Para los esguinces se pisa, se muele y se calienta la planta llamada desinflamadora, y se amarra donde se tenga la molestia hasta que desaparezca');
INSERT INTO treatments (id, name, procedure) VALUES (16, '', 'Para la odontalgia, dolor de muela y fortalecer los dientes se debe masticar el tallo de limoncillo después de las comidas');
INSERT INTO treatments (id, name, procedure) VALUES (17, '', 'En caso de presentar dolor en los dientes, odontalgia o querer proteger los dientes se debe masticar las flores de guayaga por cinco minutos después de comer');
INSERT INTO treatments (id, name, procedure) VALUES (18, '', 'Para la presión arterial alta solo es necesario comer la fruta  de curuba lo más constante posible ');
INSERT INTO treatments (id, name, procedure) VALUES (19, '', 'Se prepara en infusión con un manojo del pasto micay y se toman tres vasos al día para adultos y tres copitas para niños por nueve días para aliviar el cansancio muscular.');
INSERT INTO treatments (id, name, procedure) VALUES (20, '', 'Para las hemorroides se prepara en infusión las dos plantas, marucha y san juanito, juntas en medio litro de agua y se toma por cucharaditas, por varios días.');
INSERT INTO treatments (id, name, procedure) VALUES (21, '', 'Se utiliza solo la raíz del ribarbo, tostándola hasta convertirla en polvo y se toma en bebidas por varias semanas tres o cuatro vasos al día para curar la anemia');
INSERT INTO treatments (id, name, procedure) VALUES (22, '', 'Para las crisis nerviosas se prepara el té en sahumerio, es decir, se quema la planta y se absorbe este humo, por nueve dias, se debe hacer en horas de la noche, antes de dormir');
INSERT INTO treatments (id, name, procedure) VALUES (23, '', 'Para las enfermedades hepáticas se utiliza la fruta de la auyama en jugos por siete días, junto con cola granulada y leche');
INSERT INTO treatments (id, name, procedure) VALUES (24, '', 'Para el insomnio se hacen inhalaciones de la planta de violeta, primero se pone a herbir con las ramas y se absorbe este humo por varios dias');
INSERT INTO treatments (id, name, procedure) VALUES (25, '', 'se usan 30 gramos de la sanguinaria menor en infusión en una botella de agua, se cocina por 20 minutos, luego se cuela y se toman 3 copitas al día, esto se hace por nueve días, para la anemia. Se recomienda no comer carne de cerdo ni de res, café, chocolate, mientras se esté consumiendo la planta.');
INSERT INTO treatments (id, name, procedure) VALUES (26, '', 'Para el dolor de cabeza se usan 15 gramos de la hoja de bencenuco en infusión, es decir, se pone a hervir medio litro de agua, se toman tres copitas al día, por nueve días');
INSERT INTO treatments (id, name, procedure) VALUES (27, '', 'Para la sinusitis se emplea la esponja, se prepara calentando tres hojas bañadas con aguardiente, las inhalan y este olor hace que se desprenda un agua maloliente de la nariz, lo cual indica que si está haciendo efecto, después de hacer las inhalaciones no se debe salir afuera a recibir viento');
INSERT INTO treatments (id, name, procedure) VALUES (28, '', 'Para la mala digestión o acidez se preparan bebidas de violeta, es decir, se hierven todas las plantas con el agua, con tres hojas o ramitas de las siguientes plantas: yerbabuena, acedera, verdolaga, pata de gallina, se hace en infusión, se prepara por nueve días.');
INSERT INTO treatments (id, name, procedure) VALUES (29, '', 'Se usan tres hojitas para los adultos de salvia china en infusión en una botella de agua, el tratamiento es por nueve días, los primeros cinco días en infusión caliente y los otros cuatro días se prepara hirviendo y se toman cuatro vasitos, esto se usa para el colésterol alto.');
INSERT INTO treatments (id, name, procedure) VALUES (30, '', 'Para las enfermedades de la próstata se toman cinco hojitas de mirto silvestre, se cocinan con medio litro de agua por cinco minutos, se cuelan y luego se toman por nueve días consecutivos, tres vasos al día');
INSERT INTO treatments (id, name, procedure) VALUES (31, '', 'Para prevenir y curar la caida del cabello y su debilidad se prepara la espuma de mar en infusión con otras plantas, como la melena y cascaras de sauce, en una botella de agua, por veinte días, se toman tres tomas al día.');
INSERT INTO treatments (id, name, procedure) VALUES (32, '', 'Se preparan tres hojitas de curuba en una botella de agua en infusión, cuatro vasos en el día,  si es un niño dos hojitas, cuatro copitas por nueve días, para curar la diabetes');
INSERT INTO treatments (id, name, procedure) VALUES (33, '', 'se toma una libra del azafran de fruta, se estirpa y se extrae y se toma el jugo en ayunas, por varios días hasta ver mejoria y que haya curado la anemia');
INSERT INTO treatments (id, name, procedure) VALUES (34, '', 'Se prepara en infusión tres hojas de oregano dulce para mayores en una botella de agua, por nueve días, para niños por cinco días o los adolescentes por siete días, para prevenir y curar la apendicitis');
INSERT INTO treatments (id, name, procedure) VALUES (35, '', 'Para curar la amigdalitis se toman tres hojas de tomatera con cinco del frijol garbanzo, se ponen a hervir por cinco minutos en una botella de agua, se toman tres cucharadas si son niños menores de 7 años; si son menores de 15 años, tres cucharadas; si son adultos se toman tres copitas por nueve días.');
INSERT INTO treatments (id, name, procedure) VALUES (36, '', 'En caso de presentarse bronquitis es utilizada la aitea o malvisco, para adultos es necesario tomar siete hojitas cocinadas de la planta en una botella de agua por nueve días, si es para niños tres hojitas, en una media botella de agua por cinco días. Al consumirse esta planta no se deben ingerir alimentos condimentados, leche y chocolate.');
INSERT INTO treatments (id, name, procedure) VALUES (37, '', 'Se debe agregar tres hojas de nacedero a la mazamorra y dárselo a las señoras que estén amamantando para aumentar la leche materna o empezar a producir, en caso de que no produzca alimento.');
INSERT INTO treatments (id, name, procedure) VALUES (38, '', 'En caso de padecer de enfermedades hepáticas se debe tomar dos hojitas de cordoncillo en infusión para niños menores de doce años, y cinco hojitas para adultos por nueve días, cuatro vasitos al día.');
INSERT INTO treatments (id, name, procedure) VALUES (39, '', 'Para bajar los niveles de colesterol se cocina una hoja de col y se licua en una botella de agua, y se toman tres cucharadas al día, por cinco días, si son niños; si son adultos tres pocillos pequeños al día');
INSERT INTO treatments (id, name, procedure) VALUES (40, '', 'Para la neurastenia se toman bebidas de las plantas de aroma junto con el cidrón y melisa, por nueve días, tres vasitos al día.');
INSERT INTO treatments (id, name, procedure) VALUES (41, '', 'Para los granos, barros y purificar la sangre se hacen bebidas con la raíz de caléndula, lavandola muy bien, se toman por siete dias, tres copitas al día');
INSERT INTO treatments (id, name, procedure) VALUES (42, '', 'Para prevenir el caner y curarlo si no está my avanzado se preparan las hojitas de caléndula en infusión, es decir, se pone a hervir medio litro de agua y cuando hierva se depositan las hojas, cinco hojas para los adultos y para los niños dos o tres, tomándolas diariamente');
INSERT INTO treatments (id, name, procedure) VALUES (43, '', 'Para las úlceras se utiliza el nabo, para mayores de 20 años se toman dos hojas en infusión, si es para niños media hoja en medio litro de agua, los mayores toman por copas, los niños por cucharaditas');
INSERT INTO treatments (id, name, procedure) VALUES (44, '', 'Para los lumbagos o también llamados vientos se prepara en bebida la chiva o manrubio con un manojo de eneldo y una cebolla larga, se toman varias cucharadas hasta quitar la molestia');
INSERT INTO treatments (id, name, procedure) VALUES (45, '', 'para mayores de 20 años se toman dos hojas de nabo en infusión, si es para niños media hoja en medio litro de agua, los mayores toman por copas, los niños por cucharaditas.');
INSERT INTO treatments (id, name, procedure) VALUES (46, '', 'Para la obesidad o soprepeso se prepara unas dos ramitas de manrubio o chiva en bebidas, en un cuarto de litro de agua, y se toma una vez al dia, hasta que llegue a los 55 o 50 kilos.');
INSERT INTO treatments (id, name, procedure) VALUES (47, '', 'Para los cólicos estomacales el limoncillo se prepara en infusión con hierbabuena y manzanilla, en una botella, el tratamiento debe ser en nueve días, tomando tres copitas al día.');
INSERT INTO treatments (id, name, procedure) VALUES (48, '', 'Para la diabetes se cocina una hoja de col  y se licua en una botella de agua, y se toman tres cucharadas al día, por cinco días, si son niños; si son adultos tres pocillos pequeños al día');
INSERT INTO treatments (id, name, procedure) VALUES (49, '', 'Para la diabetes se utiliza el orégano dulce, tres hojas para mayores en una botella de agua en infusión, por nueve días, para niños por cinco días o los adolescentes por siete días');
INSERT INTO treatments (id, name, procedure) VALUES (50, '', 'Para la diarrea se usa también la col común, se cocina una hoja y se licua en una botella de agua, y se toman tres cucharadas al día, por cinco días, si son niños; si son adultos tres pocillos pequeños al día');
INSERT INTO treatments (id, name, procedure) VALUES (51, '', 'Para la diarrea se realizan bebidas de tres hojitas de coleo, por cinco días tres veces al día.');
INSERT INTO treatments (id, name, procedure) VALUES (52, '', 'Para la diarrea, se usa las bebidas de las flores de guayaga, es decir, se hierve la planta junto con el agua, tres veces al día hasta que se quite la diarrea.');
INSERT INTO treatments (id, name, procedure) VALUES (53, '', 'El oregano silvestre se toma en bebidas, tres o cuatro ramitas para adultos, una o dos para niños, por tres o cinco días, para curar la diarrea');
INSERT INTO treatments (id, name, procedure) VALUES (54, '', 'Para la diarrea o daño de estomago se prepara la verdolaga en infusión fría en un litro de agua, es decir, se deja desde el día anterior en el agua y al otro día se consume sin necesidad de hervirse.');
INSERT INTO treatments (id, name, procedure) VALUES (55, '', 'Para el daño de estomago o diarrea se prepara la violeta en infusión o en bebida hasta que la persona se mejore o también  se pueden hacer inhalaciones,  es decir se hierve la planta y se inhala el humo que libere.');
INSERT INTO treatments (id, name, procedure) VALUES (56, '', 'Para el dolor de cabeza se emplea la planta de té, en sahumerio, es decir, se quema la planta y se absorbe este humo, se realiza el tratamiento por nueve días');
INSERT INTO treatments (id, name, procedure) VALUES (57, '', 'En caso de padecer enfermedades hepáticas se hace bebida de limoncillo con un poco de bicarbonato de sodio y se toma por nueve días, tres veces al día');
INSERT INTO treatments (id, name, procedure) VALUES (58, '', 'En caso de enfermedades panreáticas se usa el jugo de la fruta de auyama con cola granulada y leche, consumirlo constantemente, también ayuda como complemento nutricional');
INSERT INTO treatments (id, name, procedure) VALUES (59, '', 'Para las enfermedades pancreaticas se debe tomar dos hojitas de cordoncillo en infusión para niños menores de doce años, y cinco hojitas para adultos por nueve días, cuatro vasitos al día.');
INSERT INTO treatments (id, name, procedure) VALUES (60, '', 'Para la epilepsia usar en bebidas la espuma de mar tomando cuatro cucharadas en el día por cinco días.');
INSERT INTO treatments (id, name, procedure) VALUES (61, '', 'En caso de padecer epilepsia se toman treinta gramos de la hojita de guadua en infusión y se consumen por nueve días.');
INSERT INTO treatments (id, name, procedure) VALUES (62, '', 'Para las erupciones cutaneas como barros, espinillas, alergias, granos se usan las bebidas de toda la planta de penicilina, ya que purifica la sangre, se usa tres o dos tomas al día por nueve días.');
INSERT INTO treatments (id, name, procedure) VALUES (63, '', 'Para la fiebre se emplea el pasto micay, se prepara en infusión en una botella de agua, se toman tres vasitos al día por tres días.');
INSERT INTO treatments (id, name, procedure) VALUES (64, '', 'En caso de tener fiebre se utilza el trebol rojo,  se prepara en infusión o en bebidas por nueve días, agregando unas cuantas ramas de la planta.');
INSERT INTO treatments (id, name, procedure) VALUES (65, '', 'Para las fiebres se emplea la albahaca blanca,  se prepara en bebidas, tres veces al día o en baños hasta que baje la fiebre.');
INSERT INTO treatments (id, name, procedure) VALUES (66, '', 'Se usa la borraja para bajar las fiebres en bebidas, tres veces al día hasta que se mejore');
INSERT INTO treatments (id, name, procedure) VALUES (67, '', 'Para bajar las fiebres es recomendable bebidas de coleo, tres copitas al día por siete días.');
INSERT INTO treatments (id, name, procedure) VALUES (68, '', 'En caso de presentarse gastritis se prepara el coleo en bebidas por nueve días o se puede consumir directamente cocido en las ensaladas');
INSERT INTO treatments (id, name, procedure) VALUES (69, '', 'Para la gastritis se usa el té en bebida por nueve días en tiempo de menguante, tres veces al día');
INSERT INTO treatments (id, name, procedure) VALUES (70, '', 'Para las heridas se usa las hojas de la planta de  veronica en baños por siete o nueve días');
INSERT INTO treatments (id, name, procedure) VALUES (71, '', 'Para las heridas se usa la desinflamadora,  se pisa, se muele y se calienta, y se la amarra donde se tenga la molestia y ayuda a aliviarla');
INSERT INTO treatments (id, name, procedure) VALUES (72, '', 'En caso de presentarse heridas se realizan baños de toda la planta de amor seco, hasta que mejore la apariencia');
INSERT INTO treatments (id, name, procedure) VALUES (73, '', 'Para las inflamaciones se emplea la desinflamadora, se pisa, se muele y se calienta, y se la amarra donde se tenga la molestia y la desinflama');
INSERT INTO treatments (id, name, procedure) VALUES (74, '', 'En caso de presentarse inflamaciones se usa la planta de penicilina en baños por siete días');
INSERT INTO treatments (id, name, procedure) VALUES (75, '', 'Para las inflamaciones hacerse baños de amor seco por siete o nueve días');
INSERT INTO treatments (id, name, procedure) VALUES (76, '', 'En caso de inflamaciones se realizan baños de la planta de veronica, por  siete o nueve días');
INSERT INTO treatments (id, name, procedure) VALUES (77, '', 'Para las hinchazones en los pezones se hacen baños con las hojas de auyama, hasta que la hinchazón en los pezones disminuya');
INSERT INTO treatments (id, name, procedure) VALUES (78, '', 'Para el malestar general se realizan bebidas de tres ramitas de hierbabueba, se toman tres tasitas al día y se realiza el tratamiento hasta ver mejoria');
INSERT INTO treatments (id, name, procedure) VALUES (79, '', 'Para la migraña se hacen baños con una buena cantidad de las ramitas de té, por nueve días, para complementar también se pueden hacer sahumerios cuando esté pasando por el dolor intenso de cabeza');
INSERT INTO treatments (id, name, procedure) VALUES (80, '', 'Para la neuragia se toman 15 gramos  de la planta de bencenuco, los cuales se ponen a hervir, se cuela, se envasa y se toman tres copitas al día, en niños es de cinco días el tratamiento, en adultos entre siete y nueve días.');
INSERT INTO treatments (id, name, procedure) VALUES (81, '', 'En caso de soprepeso y obesidad consumir la guadua, se toman treinta gramos de la hojita en infusión y se consumen por nueve días, una sola vez al día.');
INSERT INTO treatments (id, name, procedure) VALUES (82, '', 'Se usa el polvo de  la raíz de riobarbo para curar y prevenir el  paludismo, se prepara en bebidas y se toman siete a nueve días tres veces al día, para extarer el polvo de debe triturar y licuar.');
INSERT INTO treatments (id, name, procedure) VALUES (83, '', 'Para la presión arterial alta se emplea el trébol rojo, se prepara en infusión y en bebidas por nueve días.');
INSERT INTO treatments (id, name, procedure) VALUES (84, '', 'En caso de tener la presión arterial alta se debe consumir el pasto micay, en bebidas, se prepara en infusión en una botella de agua y se toma por siete días');
INSERT INTO treatments (id, name, procedure) VALUES (85, '', 'La col común se usa para bajar la presión arterial alta, se cocina una hoja y se licua en una botella de agua, y se toman tres cucharadas al día, por cinco días, si son niños; si son adultos tres pocillos pequeños al día');
INSERT INTO treatments (id, name, procedure) VALUES (86, '', 'La venturosa se prepara en baños de toda la planta, hasta que calmen los dolores de reumatismo');
INSERT INTO treatments (id, name, procedure) VALUES (87, '', 'Para el reumatismo se prepara pronto alivio en baños diariamente hasta que desaparezca el dolor');
INSERT INTO treatments (id, name, procedure) VALUES (88, '', 'Para los trigliceridos altos se hacen baños de bastantes hojas de cofrey, por nueve días, se descansa una semana y se vuelve a iniciar.');
INSERT INTO treatments (id, name, procedure) VALUES (89, '', 'Para el acne y purificar la sangre se puede usar la cola de caballo en baños después del baño habitual, no tiene necesidad de hervirse, simplemente desde el día anterior se pone en un recipiente con agua remojando y al otro día ya se puede usar.');

## Plant-Treatment

INSERT INTO plant_treatment (plant_id, treatment_id) VALUES (1, 65);
INSERT INTO plant_treatment (plant_id, treatment_id) VALUES (2, 1);
INSERT INTO plant_treatment (plant_id, treatment_id) VALUES (3, 4);
INSERT INTO plant_treatment (plant_id, treatment_id) VALUES (4, 75);
INSERT INTO plant_treatment (plant_id, treatment_id) VALUES (4, 72);
INSERT INTO plant_treatment (plant_id, treatment_id) VALUES (5, 40);
INSERT INTO plant_treatment (plant_id, treatment_id) VALUES (6, 23);
INSERT INTO plant_treatment (plant_id, treatment_id) VALUES (6, 77);
INSERT INTO plant_treatment (plant_id, treatment_id) VALUES (6, 58);
INSERT INTO plant_treatment (plant_id, treatment_id) VALUES (7, 33);
INSERT INTO plant_treatment (plant_id, treatment_id) VALUES (8, 26);
INSERT INTO plant_treatment (plant_id, treatment_id) VALUES (8, 80);
INSERT INTO plant_treatment (plant_id, treatment_id) VALUES (9, 8);
INSERT INTO plant_treatment (plant_id, treatment_id) VALUES (9, 66);
INSERT INTO plant_treatment (plant_id, treatment_id) VALUES (10, 6);
INSERT INTO plant_treatment (plant_id, treatment_id) VALUES (11, 12);
INSERT INTO plant_treatment (plant_id, treatment_id) VALUES (11, 41);
INSERT INTO plant_treatment (plant_id, treatment_id) VALUES (11, 42);
INSERT INTO plant_treatment (plant_id, treatment_id) VALUES (12, 88);
INSERT INTO plant_treatment (plant_id, treatment_id) VALUES (13, 89);
INSERT INTO plant_treatment (plant_id, treatment_id) VALUES (14, 14);
INSERT INTO plant_treatment (plant_id, treatment_id) VALUES (14, 51);
INSERT INTO plant_treatment (plant_id, treatment_id) VALUES (14, 67);
INSERT INTO plant_treatment (plant_id, treatment_id) VALUES (14, 68);
INSERT INTO plant_treatment (plant_id, treatment_id) VALUES (15, 48);
INSERT INTO plant_treatment (plant_id, treatment_id) VALUES (15, 39);
INSERT INTO plant_treatment (plant_id, treatment_id) VALUES (15, 50);
INSERT INTO plant_treatment (plant_id, treatment_id) VALUES (15, 85);
INSERT INTO plant_treatment (plant_id, treatment_id) VALUES (16, 38);
INSERT INTO plant_treatment (plant_id, treatment_id) VALUES (16, 59);
INSERT INTO plant_treatment (plant_id, treatment_id) VALUES (17, 18);
INSERT INTO plant_treatment (plant_id, treatment_id) VALUES (17, 32);
INSERT INTO plant_treatment (plant_id, treatment_id) VALUES (18, 71);
INSERT INTO plant_treatment (plant_id, treatment_id) VALUES (18, 15);
INSERT INTO plant_treatment (plant_id, treatment_id) VALUES (18, 73);
INSERT INTO plant_treatment (plant_id, treatment_id) VALUES (19, 6);
INSERT INTO plant_treatment (plant_id, treatment_id) VALUES (20, 27);
INSERT INTO plant_treatment (plant_id, treatment_id) VALUES (21, 60);
INSERT INTO plant_treatment (plant_id, treatment_id) VALUES (21, 31);
INSERT INTO plant_treatment (plant_id, treatment_id) VALUES (22, 35);
INSERT INTO plant_treatment (plant_id, treatment_id) VALUES (23, 61);
INSERT INTO plant_treatment (plant_id, treatment_id) VALUES (23, 81);
INSERT INTO plant_treatment (plant_id, treatment_id) VALUES (24, 52);
INSERT INTO plant_treatment (plant_id, treatment_id) VALUES (24, 17);
INSERT INTO plant_treatment (plant_id, treatment_id) VALUES (25, 78);
INSERT INTO plant_treatment (plant_id, treatment_id) VALUES (26, 48);
INSERT INTO plant_treatment (plant_id, treatment_id) VALUES (26, 16);
INSERT INTO plant_treatment (plant_id, treatment_id) VALUES (26, 57);
INSERT INTO plant_treatment (plant_id, treatment_id) VALUES (27, 11);
INSERT INTO plant_treatment (plant_id, treatment_id) VALUES (28, 36);
INSERT INTO plant_treatment (plant_id, treatment_id) VALUES (29, 46);
INSERT INTO plant_treatment (plant_id, treatment_id) VALUES (29, 44);
INSERT INTO plant_treatment (plant_id, treatment_id) VALUES (30, 20);
INSERT INTO plant_treatment (plant_id, treatment_id) VALUES (31, 30);
INSERT INTO plant_treatment (plant_id, treatment_id) VALUES (32, 37);
INSERT INTO plant_treatment (plant_id, treatment_id) VALUES (33, 43);
INSERT INTO plant_treatment (plant_id, treatment_id) VALUES (33, 45);
INSERT INTO plant_treatment (plant_id, treatment_id) VALUES (34, 49);
INSERT INTO plant_treatment (plant_id, treatment_id) VALUES (34, 34);
INSERT INTO plant_treatment (plant_id, treatment_id) VALUES (35, 7);
INSERT INTO plant_treatment (plant_id, treatment_id) VALUES (35, 53);
INSERT INTO plant_treatment (plant_id, treatment_id) VALUES (36, 19);
INSERT INTO plant_treatment (plant_id, treatment_id) VALUES (36, 63);
INSERT INTO plant_treatment (plant_id, treatment_id) VALUES (36, 84);
INSERT INTO plant_treatment (plant_id, treatment_id) VALUES (37, 62);
INSERT INTO plant_treatment (plant_id, treatment_id) VALUES (37, 2);
INSERT INTO plant_treatment (plant_id, treatment_id) VALUES (37, 74);
INSERT INTO plant_treatment (plant_id, treatment_id) VALUES (38, 3);
INSERT INTO plant_treatment (plant_id, treatment_id) VALUES (38, 87);
INSERT INTO plant_treatment (plant_id, treatment_id) VALUES (39, 82);
INSERT INTO plant_treatment (plant_id, treatment_id) VALUES (39, 21);
INSERT INTO plant_treatment (plant_id, treatment_id) VALUES (40, 29);
INSERT INTO plant_treatment (plant_id, treatment_id) VALUES (41, 25);
INSERT INTO plant_treatment (plant_id, treatment_id) VALUES (42, 20);
INSERT INTO plant_treatment (plant_id, treatment_id) VALUES (43, 10);
INSERT INTO plant_treatment (plant_id, treatment_id) VALUES (44, 22);
INSERT INTO plant_treatment (plant_id, treatment_id) VALUES (44, 56);
INSERT INTO plant_treatment (plant_id, treatment_id) VALUES (44, 69);
INSERT INTO plant_treatment (plant_id, treatment_id) VALUES (44, 79);
INSERT INTO plant_treatment (plant_id, treatment_id) VALUES (45, 9);
INSERT INTO plant_treatment (plant_id, treatment_id) VALUES (45, 64);
INSERT INTO plant_treatment (plant_id, treatment_id) VALUES (45, 83);
INSERT INTO plant_treatment (plant_id, treatment_id) VALUES (46, 5);
INSERT INTO plant_treatment (plant_id, treatment_id) VALUES (47, 86);
INSERT INTO plant_treatment (plant_id, treatment_id) VALUES (48, 13);
INSERT INTO plant_treatment (plant_id, treatment_id) VALUES (48, 54);
INSERT INTO plant_treatment (plant_id, treatment_id) VALUES (49, 70);
INSERT INTO plant_treatment (plant_id, treatment_id) VALUES (49, 76);
INSERT INTO plant_treatment (plant_id, treatment_id) VALUES (50, 24);
INSERT INTO plant_treatment (plant_id, treatment_id) VALUES (50, 28);
INSERT INTO plant_treatment (plant_id, treatment_id) VALUES (50, 55);

## Disease-Treatment

INSERT INTO disease_treatment (disease_id, treatment_id) VALUES (1, 35);
INSERT INTO disease_treatment (disease_id, treatment_id) VALUES (2, 28);
INSERT INTO disease_treatment (disease_id, treatment_id) VALUES (2, 13);
INSERT INTO disease_treatment (disease_id, treatment_id) VALUES (3, 25);
INSERT INTO disease_treatment (disease_id, treatment_id) VALUES (3, 33);
INSERT INTO disease_treatment (disease_id, treatment_id) VALUES (3, 21);
INSERT INTO disease_treatment (disease_id, treatment_id) VALUES (4, 34);
INSERT INTO disease_treatment (disease_id, treatment_id) VALUES (5, 8);
INSERT INTO disease_treatment (disease_id, treatment_id) VALUES (6, 36);
INSERT INTO disease_treatment (disease_id, treatment_id) VALUES (7, 31);
INSERT INTO disease_treatment (disease_id, treatment_id) VALUES (8, 19);
INSERT INTO disease_treatment (disease_id, treatment_id) VALUES (8, 3);
INSERT INTO disease_treatment (disease_id, treatment_id) VALUES (9, 14);
INSERT INTO disease_treatment (disease_id, treatment_id) VALUES (9, 29);
INSERT INTO disease_treatment (disease_id, treatment_id) VALUES (9, 39);
INSERT INTO disease_treatment (disease_id, treatment_id) VALUES (10, 48);
INSERT INTO disease_treatment (disease_id, treatment_id) VALUES (11, 4);
INSERT INTO disease_treatment (disease_id, treatment_id) VALUES (12, 22);
INSERT INTO disease_treatment (disease_id, treatment_id) VALUES (12, 12);
INSERT INTO disease_treatment (disease_id, treatment_id) VALUES (12, 1);
INSERT INTO disease_treatment (disease_id, treatment_id) VALUES (13, 48);
INSERT INTO disease_treatment (disease_id, treatment_id) VALUES (13, 32);
INSERT INTO disease_treatment (disease_id, treatment_id) VALUES (13, 49);
INSERT INTO disease_treatment (disease_id, treatment_id) VALUES (14, 51);
INSERT INTO disease_treatment (disease_id, treatment_id) VALUES (14, 53);
INSERT INTO disease_treatment (disease_id, treatment_id) VALUES (14, 50);
INSERT INTO disease_treatment (disease_id, treatment_id) VALUES (14, 54);
INSERT INTO disease_treatment (disease_id, treatment_id) VALUES (14, 52);
INSERT INTO disease_treatment (disease_id, treatment_id) VALUES (14, 55);
INSERT INTO disease_treatment (disease_id, treatment_id) VALUES (15, 26);
INSERT INTO disease_treatment (disease_id, treatment_id) VALUES (15, 56);
INSERT INTO disease_treatment (disease_id, treatment_id) VALUES (16, 30);
INSERT INTO disease_treatment (disease_id, treatment_id) VALUES (17, 23);
INSERT INTO disease_treatment (disease_id, treatment_id) VALUES (17, 38);
INSERT INTO disease_treatment (disease_id, treatment_id) VALUES (17, 57);
INSERT INTO disease_treatment (disease_id, treatment_id) VALUES (18, 58);
INSERT INTO disease_treatment (disease_id, treatment_id) VALUES (18, 59);
INSERT INTO disease_treatment (disease_id, treatment_id) VALUES (19, 7);
INSERT INTO disease_treatment (disease_id, treatment_id) VALUES (20, 45);
INSERT INTO disease_treatment (disease_id, treatment_id) VALUES (20, 60);
INSERT INTO disease_treatment (disease_id, treatment_id) VALUES (20, 61);
INSERT INTO disease_treatment (disease_id, treatment_id) VALUES (21, 62);
INSERT INTO disease_treatment (disease_id, treatment_id) VALUES (21, 9);
INSERT INTO disease_treatment (disease_id, treatment_id) VALUES (21, 5);
INSERT INTO disease_treatment (disease_id, treatment_id) VALUES (21, 41);
INSERT INTO disease_treatment (disease_id, treatment_id) VALUES (21, 89);
INSERT INTO disease_treatment (disease_id, treatment_id) VALUES (22, 6);
INSERT INTO disease_treatment (disease_id, treatment_id) VALUES (22, 15);
INSERT INTO disease_treatment (disease_id, treatment_id) VALUES (23, 10);
INSERT INTO disease_treatment (disease_id, treatment_id) VALUES (23, 63);
INSERT INTO disease_treatment (disease_id, treatment_id) VALUES (23, 64);
INSERT INTO disease_treatment (disease_id, treatment_id) VALUES (23, 65);
INSERT INTO disease_treatment (disease_id, treatment_id) VALUES (23, 66);
INSERT INTO disease_treatment (disease_id, treatment_id) VALUES (23, 67);
INSERT INTO disease_treatment (disease_id, treatment_id) VALUES (24, 68);
INSERT INTO disease_treatment (disease_id, treatment_id) VALUES (24, 69);
INSERT INTO disease_treatment (disease_id, treatment_id) VALUES (25, 20);
INSERT INTO disease_treatment (disease_id, treatment_id) VALUES (26, 2);
INSERT INTO disease_treatment (disease_id, treatment_id) VALUES (26, 71);
INSERT INTO disease_treatment (disease_id, treatment_id) VALUES (26, 72);
INSERT INTO disease_treatment (disease_id, treatment_id) VALUES (26, 70);
INSERT INTO disease_treatment (disease_id, treatment_id) VALUES (27, 73);
INSERT INTO disease_treatment (disease_id, treatment_id) VALUES (27, 74);
INSERT INTO disease_treatment (disease_id, treatment_id) VALUES (27, 75);
INSERT INTO disease_treatment (disease_id, treatment_id) VALUES (27, 76);
INSERT INTO disease_treatment (disease_id, treatment_id) VALUES (28, 77);
INSERT INTO disease_treatment (disease_id, treatment_id) VALUES (29, 24);
INSERT INTO disease_treatment (disease_id, treatment_id) VALUES (30, 44);
INSERT INTO disease_treatment (disease_id, treatment_id) VALUES (31, 78);
INSERT INTO disease_treatment (disease_id, treatment_id) VALUES (32, 79);
INSERT INTO disease_treatment (disease_id, treatment_id) VALUES (33, 80);
INSERT INTO disease_treatment (disease_id, treatment_id) VALUES (34, 40);
INSERT INTO disease_treatment (disease_id, treatment_id) VALUES (35, 81);
INSERT INTO disease_treatment (disease_id, treatment_id) VALUES (35, 46);
INSERT INTO disease_treatment (disease_id, treatment_id) VALUES (36, 17);
INSERT INTO disease_treatment (disease_id, treatment_id) VALUES (36, 16);
INSERT INTO disease_treatment (disease_id, treatment_id) VALUES (37, 37);
INSERT INTO disease_treatment (disease_id, treatment_id) VALUES (38, 82);
INSERT INTO disease_treatment (disease_id, treatment_id) VALUES (39, 18);
INSERT INTO disease_treatment (disease_id, treatment_id) VALUES (39, 83);
INSERT INTO disease_treatment (disease_id, treatment_id) VALUES (39, 84);
INSERT INTO disease_treatment (disease_id, treatment_id) VALUES (39, 85);
INSERT INTO disease_treatment (disease_id, treatment_id) VALUES (40, 11);
INSERT INTO disease_treatment (disease_id, treatment_id) VALUES (41, 86);
INSERT INTO disease_treatment (disease_id, treatment_id) VALUES (41, 87);
INSERT INTO disease_treatment (disease_id, treatment_id) VALUES (42, 27);
INSERT INTO disease_treatment (disease_id, treatment_id) VALUES (43, 88);
INSERT INTO disease_treatment (disease_id, treatment_id) VALUES (44, 43);
INSERT INTO disease_treatment (disease_id, treatment_id) VALUES (45, 42);
